Workbook

Sheet Questionnaire
A1: Internal Audit Function Maturity Assessment – Revised Questionnaire (20 Questions / 6 Sections)
A2: How to use: select A, B, C or D in the yellow 'Selected' column. Scores and the summary calculate automatically. A=25, B=50, C=75, D=100 points.
A4: Q# | B4: Question | C4: A (25%) | D4: B (50%) | E4: C (75%) | F4: D (100%) | G4: Selected | H4: Score | I4: Original Q#
A5: SECTION 1: GOVERNANCE, INDEPENDENCE & ETHICS | D5: Reference: IIA GIAS Domains II–III (Principles 2, 6–8); CMA Corporate Governance Regulations (Audit Committee); Companies Law
A6: Q1 | B6: How is the independence of the Internal Audit function established through its reporting lines? | C6: Reports administratively to the CEO/CFO with no direct Audit Committee reporting | D6: Reports functionally to the Audit Committee, but plan, budget and CAE appraisal are set by management | E6: Dual reporting: functionally to the Audit Committee (approves charter, plan and budget), administratively to the CEO | F6: Audit Committee governs all matters incl. CAE appointment, remuneration and appraisal; independence externally validated | G6: C | H6: =IF(G6="A",25,IF(G6="B",50,IF(G6="C",75,IF(G6="D",100,0)))) -> 75 | I6: Q1
A7: Q2 | B7: How are auditor objectivity and freedom from management interference safeguarded? | C7: Management influences scope, timing or findings; no conflict-of-interest checks | D7: CAE decides scope, but conflict declarations and staff rotation are informal | E7: Annual independence declarations, formal rotation policy and unrestricted CAE access to the Audit Committee; interference formally prohibited | F7: As level C, plus independence and objectivity confirmed by an external quality assessor | H7: =IF(G7="A",25,IF(G7="B",50,IF(G7="C",75,IF(G7="D",100,0)))) -> 0 | I7: Q2 + Q3
A8: Q3 | B8: How mature is the whistleblowing and fraud risk process supported by Internal Audit? | C8: No formal whistleblowing channel or fraud risk assessment | D8: Basic channel exists but is poorly communicated; fraud considered ad hoc | E8: Formal, confidential and anonymous channel with Audit Committee oversight; fraud risk built into the audit plan | F8: Independently reviewed; investigations by certified specialists (e.g., CFE) and fraud analytics in use | H8: =IF(G8="A",25,IF(G8="B",50,IF(G8="C",75,IF(G8="D",100,0)))) -> 0 | I8: Q30
A9: SECTION 2: RISK-BASED AUDIT PLANNING | D9: Reference: IIA GIAS Principle 9 (Plan Strategically); Standard 9.4 Internal Audit Plan
A10: Q4 | B10: How is the annual audit plan developed and kept current? | C10: Cyclical schedule without formal risk assessment; plan fixed for the year | D10: Formal annual risk assessment, but the plan is rarely adjusted in-year | E10: Risk-based methodology aligned to ERM, strategy and regulatory change; reviewed at least quarterly with Audit Committee approval | F10: Dynamic plan updated continuously using data analytics and risk indicators; methodology externally benchmarked | H10: =IF(G10="A",25,IF(G10="B",50,IF(G10="C",75,IF(G10="D",100,0)))) -> 0 | I10: Q4 + Q5
A11: Q5 | B11: How effectively are emerging risks identified and incorporated into the plan? | C11: Only when management highlights them | D11: Discussed informally but not documented | E11: Systematically identified through horizon scanning and included in the plan | F11: Advanced tools (AI, external horizon scans) used and independently validated | H11: =IF(G11="A",25,IF(G11="B",50,IF(G11="C",75,IF(G11="D",100,0)))) -> 0 | I11: Q6
A12: Q6 | B12: How is stakeholder input and assurance coordination built into planning? | C12: Stakeholder input not formally sought | D12: Management consulted informally; no structured feedback | E12: Structured annual consultation with the Board, Audit Committee, management and second-line functions; assurance map maintained | F12: Continuous engagement through a combined-assurance model; externally benchmarked | H12: =IF(G12="A",25,IF(G12="B",50,IF(G12="C",75,IF(G12="D",100,0)))) -> 0 | I12: Q7
A13: SECTION 3: AUDIT EXECUTION, METHODOLOGY & ANALYTICS | D13: Reference: IIA GIAS Principles 13–14 (Plan and Conduct Engagements); Standard 4.3 Professional Skepticism
A14: Q7 | B14: How standardized is the audit methodology and how is professional skepticism applied? | C14: Methodology varies by auditor; skepticism not emphasized | D14: Basic methodology applied inconsistently; skepticism covered in training only | E14: Comprehensive methodology aligned with the IIA Standards, applied consistently; skepticism embedded and reinforced | F14: Methodology periodically benchmarked and externally validated, including evidence of skepticism | H14: =IF(G14="A",25,IF(G14="B",50,IF(G14="C",75,IF(G14="D",100,0)))) -> 0 | I14: Q8 + Q11
A15: Q8 | B15: How is engagement supervision and work paper quality ensured? | C15: Self-reviewed by the auditor with minimal oversight | D15: Supervisor review, often incomplete | E15: Formal supervisory and QA review process documented on every engagement | F15: Work papers subject to independent QA review as part of external assessment | H15: =IF(G15="A",25,IF(G15="B",50,IF(G15="C",75,IF(G15="D",100,0)))) -> 0 | I15: Q10
A16: Q9 | B16: How effectively are data analytics and digital audit tools used? | C16: Manual testing only; no audit management software | D16: Basic audit management software; analytics used selectively | E16: Analytics systematically integrated into engagements with automated workflows | F16: Continuous auditing and monitoring using AI/RPA; independently benchmarked | H16: =IF(G16="A",25,IF(G16="B",50,IF(G16="C",75,IF(G16="D",100,0)))) -> 0 | I16: Q9 + Q25
A17: SECTION 4: REPORTING, ISSUE MANAGEMENT & FOLLOW-UP | D17: Reference: IIA GIAS Principles 11 and 15 (Communicate Results and Monitor Action Plans)
A18: Q10 | B18: How timely, clear and well-communicated are audit reports? | C18: Often delayed and unclear; communication largely informal | D18: Issued on time but inconsistent, with limited discussion | E18: Standardized, timely, risk-rated reports with agreed action plans and formal closing meetings | F18: Reporting includes KPIs and thematic or trend insights; externally validated | H18: =IF(G18="A",25,IF(G18="B",50,IF(G18="C",75,IF(G18="D",100,0)))) -> 0 | I18: Q12 + Q13
A19: Q11 | B19: How are disagreements between management and Internal Audit resolved? | C19: Escalated informally with no documented process | D19: Discussed, but management decides | E19: Formal escalation process; unresolved issues reported to the Audit Committee | F19: Escalation process independently reviewed | H19: =IF(G19="A",25,IF(G19="B",50,IF(G19="C",75,IF(G19="D",100,0)))) -> 0 | I19: Q14
A20: Q12 | B20: How are audit issues tracked and management's remediation validated? | C20: Informal tracking; relies on management's confirmation | D20: Issues logged; follow-up and validation inconsistent | E20: Formal system with owners, due dates and status reporting to the Audit Committee; documented verification of remediation | F20: As level C, plus independent validation of high-priority remediation | H20: =IF(G20="A",25,IF(G20="B",50,IF(G20="C",75,IF(G20="D",100,0)))) -> 0 | I20: Q15 + Q16
A21: Q13 | B21: What is the average time to close audit issues? | C21: Most remain open more than 12 months | D21: Closed on average within 9–12 months | E21: Most closed within 6–9 months; overdue items escalated | F21: Average closure within 3–6 months; independently validated | H21: =IF(G21="A",25,IF(G21="B",50,IF(G21="C",75,IF(G21="D",100,0)))) -> 0 | I21: Q17
A22: SECTION 5: RESOURCES, PERFORMANCE & QUALITY ASSURANCE | D22: Reference: IIA GIAS Principles 3, 10 and 12 (Competency, Manage Resources, Enhance Quality)
A23: Q14 | B23: How adequate are resources, including use of external specialists? | C23: Significantly under-resourced; specialists rarely engaged | D23: Minimum resources; specialists used occasionally | E23: Resource plan approved by the Audit Committee with a defined co-sourcing and specialist strategy | F23: Resourcing benchmarked periodically; specialist use strategically planned and evaluated | H23: =IF(G23="A",25,IF(G23="B",50,IF(G23="C",75,IF(G23="D",100,0)))) -> 0 | I23: Q18 + Q20
A24: Q15 | B24: How robust is the competency and training program? | C24: No formal training program | D24: Limited training not linked to skill gaps | E24: Formal competency framework with required certifications (CIA, CISA, CFE, SOCPA) | F24: Competency framework externally benchmarked and validated | H24: =IF(G24="A",25,IF(G24="B",50,IF(G24="C",75,IF(G24="D",100,0)))) -> 0 | I24: Q19
A25: Q16 | B25: How is IA performance and stakeholder satisfaction measured? | C25: Not measured | D25: Measured by audit days or plan completion; informal feedback | E25: Balanced KPIs (quality, timeliness, value) and annual stakeholder surveys used for improvement | F25: KPIs and satisfaction benchmarked against peers and externally validated | H25: =IF(G25="A",25,IF(G25="B",50,IF(G25="C",75,IF(G25="D",100,0)))) -> 0 | I25: Q21 + Q23
A26: Q17 | B26: How mature is the Quality Assurance and Improvement Program (QAIP)? | C26: No formal QAIP | D26: Internal reviews limited in scope | E26: Comprehensive QAIP with internal assessments and an external assessment at least every 5 years | F26: More frequent external assessments (e.g., every 3 years) with consistent general conformance | H26: =IF(G26="A",25,IF(G26="B",50,IF(G26="C",75,IF(G26="D",100,0)))) -> 0 | I26: Q22
A27: SECTION 6: STRATEGIC VALUE, TECHNOLOGY & REGULATORY COMPLIANCE | D27: Reference: IIA GIAS Principle 9; NCA Essential Cybersecurity Controls (ECC); SAMA, CMA, ZATCA and PDPL requirements
A28: Q18 | B28: How does Internal Audit contribute to strategy and adapt to regulatory and technological change? | C28: Compliance and financial audits only; reacts after changes occur | D28: Occasional advisory support; changes adopted slowly | E28: Systematic insight on strategy, risk and governance; plan and methodology adapted proactively | F28: Trusted strategic advisor with forward-looking insight; adaptability independently assessed | H28: =IF(G28="A",25,IF(G28="B",50,IF(G28="C",75,IF(G28="D",100,0)))) -> 0 | I28: Q24 + Q26
A29: Q19 | B29: How effective is Internal Audit in auditing technology and cybersecurity? | C29: Limited or not conducted | D29: Basic IT audits lacking depth | E29: Comprehensive IT audits aligned with NCA ECC, COBIT and ISO 27001 | F29: Independently reviewed; certified specialists perform technology audits | H29: =IF(G29="A",25,IF(G29="B",50,IF(G29="C",75,IF(G29="D",100,0)))) -> 0 | I29: Q27
A30: Q20 | B30: How effectively does Internal Audit cover regulatory compliance and coordinate with regulators? | C30: Compliance audits not conducted; minimal regulator interaction | D30: Limited compliance audits; regulatory updates received passively | E30: Comprehensive compliance universe (SAMA, CMA, NCA, ZATCA, PDPL) audited; proactive engagement on regulatory findings | F30: Compliance coverage independently validated and benchmarked; coordination assessed in external QA | H30: =IF(G30="A",25,IF(G30="B",50,IF(G30="C",75,IF(G30="D",100,0)))) -> 0 | I30: Q28 + Q29

Sheet Scoring Summary
A1: Assessment Scoring Summary
A2: All figures are formulas linked to the Questionnaire sheet.
A4: # | B4: Section | C4: Questions | D4: Answered | E4: Possible Score | F4: Actual Score | G4: Score % | H4: Maturity Level
A5: 1 | B5: Governance, Independence & Ethics | C5: Q1 – Q3 | D5: =COUNTA(Questionnaire!G6:G8) -> 1 | E5: 300 | F5: =SUM(Questionnaire!H6:H8) -> 75 | G5: =F5/E5 -> 0.25 | H5: =IF(G5<0.35,"Critical",IF(G5<0.55,"Low",IF(G5<0.75,"Medium",IF(G5<0.9,"High","Leading")))) -> Critical
A6: 2 | B6: Risk-Based Audit Planning | C6: Q4 – Q6 | D6: =COUNTA(Questionnaire!G10:G12) -> 0 | E6: 300 | F6: =SUM(Questionnaire!H10:H12) -> 0 | G6: =F6/E6 -> 0 | H6: =IF(G6<0.35,"Critical",IF(G6<0.55,"Low",IF(G6<0.75,"Medium",IF(G6<0.9,"High","Leading")))) -> Critical
A7: 3 | B7: Audit Execution, Methodology & Analytics | C7: Q7 – Q9 | D7: =COUNTA(Questionnaire!G14:G16) -> 0 | E7: 300 | F7: =SUM(Questionnaire!H14:H16) -> 0 | G7: =F7/E7 -> 0 | H7: =IF(G7<0.35,"Critical",IF(G7<0.55,"Low",IF(G7<0.75,"Medium",IF(G7<0.9,"High","Leading")))) -> Critical
A8: 4 | B8: Reporting, Issue Management & Follow-up | C8: Q10 – Q13 | D8: =COUNTA(Questionnaire!G18:G21) -> 0 | E8: 400 | F8: =SUM(Questionnaire!H18:H21) -> 0 | G8: =F8/E8 -> 0 | H8: =IF(G8<0.35,"Critical",IF(G8<0.55,"Low",IF(G8<0.75,"Medium",IF(G8<0.9,"High","Leading")))) -> Critical
A9: 5 | B9: Resources, Performance & Quality Assurance | C9: Q14 – Q17 | D9: =COUNTA(Questionnaire!G23:G26) -> 0 | E9: 400 | F9: =SUM(Questionnaire!H23:H26) -> 0 | G9: =F9/E9 -> 0 | H9: =IF(G9<0.35,"Critical",IF(G9<0.55,"Low",IF(G9<0.75,"Medium",IF(G9<0.9,"High","Leading")))) -> Critical
A10: 6 | B10: Strategic Value, Technology & Regulatory Compliance | C10: Q18 – Q20 | D10: =COUNTA(Questionnaire!G28:G30) -> 0 | E10: 300 | F10: =SUM(Questionnaire!H28:H30) -> 0 | G10: =F10/E10 -> 0 | H10: =IF(G10<0.35,"Critical",IF(G10<0.55,"Low",IF(G10<0.75,"Medium",IF(G10<0.9,"High","Leading")))) -> Critical
B11: OVERALL | C11: 20 Questions | D11: =SUM(D5:D10) -> 1 | E11: =SUM(E5:E10) -> 2000 | F11: =SUM(F5:F10) -> 75 | G11: =F11/E11 -> 0.0375 | H11: =IF(G11<0.35,"Critical",IF(G11<0.55,"Low",IF(G11<0.75,"Medium",IF(G11<0.9,"High","Leading")))) -> Critical
A13: Formula: Section % = Actual points ÷ (questions × 100). Overall % = Total points ÷ 2,000.
A14: Note: unanswered questions score 0; check the 'Answered' column before reporting.

Sheet Maturity Scale
A1: Maturity Level Interpretation
A3: Score Range | B3: Maturity Level | C3: Interpretation
A4: 0% – 34% | B4: Critical | C4: Significant gaps exist across the Internal Audit function. Immediate attention is required to establish foundational practices.
A5: 35% – 54% | B5: Low | C5: Foundational practices exist but are inconsistently applied. Significant improvement is needed to ensure effectiveness.
A6: 55% – 74% | B6: Medium | C6: Core practices are in place and generally effective. Enhancements are needed to achieve best-in-class standards.
A7: 75% – 89% | B7: High | C7: The function is robust and aligned with international best practices. Continuous improvement remains a focus.
A8: 90% – 100% | B8: Leading | C8: The function is a benchmark for excellence, with advanced practices and independent validation.
A10: Answer | B10: Points | C10: Description
A11: A | B11: 25 | C11: Minimal / Ad hoc – informal, undocumented, reactive
A12: B | B12: 50 | C12: Foundational – practices exist but inconsistently applied
A13: C | B13: 75 | C13: Established – well-defined and consistently applied
A14: D | B14: 100 | C14: Leading – advanced, benchmarked and externally validated
